sequence, origin, target, optimization obj, filter
FKRP,model_generated,blue,affinity,low_enrichment
KRRP,model_generated,blue,affinity,low_enrichment
RKKK,model_generated,blue,affinity,low_enrichment
FRRK,model_generated,blue,affinity,low_enrichment
RRKR,model_generated,blue,affinity,low_enrichment
RRKK,model_generated,blue,affinity,low_enrichment
QRRR,model_generated,blue,affinity,low_enrichment
KPRP,model_generated,blue,affinity,low_enrichment
RKKH,model_generated,blue,affinity,low_enrichment
QRRP,model_generated,blue,affinity,low_enrichment
KLKR,model_generated,blue,affinity,low_enrichment
KSRP,model_generated,blue,affinity,low_enrichment
RKKN,model_generated,blue,affinity,low_enrichment
PPKH,model_generated,blue,affinity,low_enrichment
SKRR,model_generated,blue,affinity,low_enrichment
RKKQ,model_generated,blue,affinity,low_enrichment
RPKH,model_generated,blue,affinity,low_enrichment
PPRH,model_generated,blue,affinity,low_enrichment
NRKR,model_generated,blue,affinity,low_enrichment
KTRR,model_generated,blue,affinity,low_enrichment
RKRH,model_generated,blue,affinity,low_enrichment
RPFH,model_generated,blue,affinity,low_enrichment
RNKR,model_generated,blue,affinity,low_enrichment
RNKH,model_generated,blue,affinity,low_enrichment
PPRP,model_generated,blue,affinity,low_enrichment
PKKH,model_generated,blue,affinity,low_enrichment
RPKR,model_generated,blue,affinity,low_enrichment
RKRQ,model_generated,blue,affinity,low_enrichment
RPRH,model_generated,blue,affinity,low_enrichment
RKRN,model_generated,blue,affinity,low_enrichment
PNRH,model_generated,blue,affinity,low_enrichment
RKMR,model_generated,blue,affinity,low_enrichment
RNKK,model_generated,blue,affinity,low_enrichment
RPQH,model_generated,blue,affinity,low_enrichment
RPKK,model_generated,blue,affinity,low_enrichment
RPNH,model_generated,blue,affinity,low_enrichment
RPTH,model_generated,blue,affinity,low_enrichment
RPWH,model_generated,blue,affinity,low_enrichment
RPSH,model_generated,blue,affinity,low_enrichment
RNRH,model_generated,blue,affinity,low_enrichment
RKFH,model_generated,blue,affinity,low_enrichment
RHKH,model_generated,blue,affinity,low_enrichment
RRKH,model_generated,blue,affinity,low_enrichment
RPHH,model_generated,blue,affinity,low_enrichment
RKQR,model_generated,blue,affinity,low_enrichment
PKRH,model_generated,blue,affinity,low_enrichment
QKRH,model_generated,blue,affinity,low_enrichment
RPLH,model_generated,blue,affinity,low_enrichment
PRKP,model_generated,blue,affinity,low_enrichment
RVKR,model_generated,blue,affinity,low_enrichment
RKHR,model_generated,blue,affinity,low_enrichment
RKTH,model_generated,blue,affinity,low_enrichment
RPMH,model_generated,blue,affinity,low_enrichment
QPKH,model_generated,blue,affinity,low_enrichment
PCWC,model_generated,blue,affinity,low_enrichment
RPIH,model_generated,blue,affinity,low_enrichment
RNSH,model_generated,blue,affinity,low_enrichment
LPKH,model_generated,blue,affinity,low_enrichment
PCNC,model_generated,blue,affinity,low_enrichment
PCDC,model_generated,blue,affinity,low_enrichment
RHKR,model_generated,blue,affinity,low_enrichment
RKQH,model_generated,blue,affinity,low_enrichment
RNTH,model_generated,blue,affinity,low_enrichment
RHNH,model_generated,blue,affinity,low_enrichment
RKFK,model_generated,blue,affinity,low_enrichment
PKRK,model_generated,blue,affinity,low_enrichment
RNRR,model_generated,blue,affinity,low_enrichment
RMKP,model_generated,blue,affinity,low_enrichment
RPAH,model_generated,blue,affinity,low_enrichment
KRSR,model_generated,blue,affinity,low_enrichment
RNWH,model_generated,blue,affinity,low_enrichment
RPYH,model_generated,blue,affinity,low_enrichment
PHRH,model_generated,blue,affinity,low_enrichment
RHKK,model_generated,blue,affinity,low_enrichment
RKNH,model_generated,blue,affinity,low_enrichment
RNRK,model_generated,blue,affinity,low_enrichment
PFCC,model_generated,blue,affinity,low_enrichment
QPRH,model_generated,blue,affinity,low_enrichment
PCGC,model_generated,blue,affinity,low_enrichment
RHTH,model_generated,blue,affinity,low_enrichment
RKVH,model_generated,blue,affinity,low_enrichment
RPRK,model_generated,blue,affinity,low_enrichment
RHRH,model_generated,blue,affinity,low_enrichment
RPKN,model_generated,blue,affinity,low_enrichment
LPRH,model_generated,blue,affinity,low_enrichment
PRKR,model_generated,blue,affinity,low_enrichment
PFKH,model_generated,blue,affinity,low_enrichment
RPVH,model_generated,blue,affinity,low_enrichment
RPCH,model_generated,blue,affinity,low_enrichment
RMKH,model_generated,blue,affinity,low_enrichment
RTKP,model_generated,blue,affinity,low_enrichment
FLKR,model_generated,blue,affinity,low_enrichment
PWRC,model_generated,blue,affinity,low_enrichment
RPFR,model_generated,blue,affinity,low_enrichment
PCCW,model_generated,blue,affinity,low_enrichment
PISC,model_generated,blue,affinity,low_enrichment
RRTK,model_generated,blue,affinity,low_enrichment
MNRH,model_generated,blue,affinity,low_enrichment
RTKH,model_generated,blue,affinity,low_enrichment
PPSH,model_generated,blue,affinity,low_enrichment
RRKQ,model_generated,blue,affinity,low_enrichment
PWCC,model_generated,blue,affinity,low_enrichment
PPRC,model_generated,blue,affinity,low_enrichment
RRFH,model_generated,blue,affinity,low_enrichment
RHSH,model_generated,blue,affinity,low_enrichment
RIKP,model_generated,blue,affinity,low_enrichment
RFKH,model_generated,blue,affinity,low_enrichment
PPCC,model_generated,blue,affinity,low_enrichment
FSRR,model_generated,blue,affinity,low_enrichment
PLKH,model_generated,blue,affinity,low_enrichment
RIKR,model_generated,blue,affinity,low_enrichment
PACC,model_generated,blue,affinity,low_enrichment
RLKP,model_generated,blue,affinity,low_enrichment
PYCC,model_generated,blue,affinity,low_enrichment
PICP,model_generated,blue,affinity,low_enrichment
PKCC,model_generated,blue,affinity,low_enrichment
PFWC,model_generated,blue,affinity,low_enrichment
PLCC,model_generated,blue,affinity,low_enrichment
PMKH,model_generated,blue,affinity,low_enrichment
RRKN,model_generated,blue,affinity,low_enrichment
PFLC,model_generated,blue,affinity,low_enrichment
RKIK,model_generated,blue,affinity,low_enrichment
RLQH,model_generated,blue,affinity,low_enrichment
RKSH,model_generated,blue,affinity,low_enrichment
RKNR,model_generated,blue,affinity,low_enrichment
RPRR,model_generated,blue,affinity,low_enrichment
RMQH,model_generated,blue,affinity,low_enrichment
RTFH,model_generated,blue,affinity,low_enrichment
PLFC,model_generated,blue,affinity,low_enrichment
RSKH,model_generated,blue,affinity,low_enrichment
RNHH,model_generated,blue,affinity,low_enrichment
LRKR,model_generated,blue,affinity,low_enrichment
PRFC,model_generated,blue,affinity,low_enrichment
PRRP,model_generated,blue,affinity,low_enrichment
PWYC,model_generated,blue,affinity,low_enrichment
PWFC,model_generated,blue,affinity,low_enrichment
RPPH,model_generated,blue,affinity,low_enrichment
KRLR,model_generated,blue,affinity,low_enrichment
PECC,model_generated,blue,affinity,low_enrichment
RHHH,model_generated,blue,affinity,low_enrichment
PGCC,model_generated,blue,affinity,low_enrichment
PLSC,model_generated,blue,affinity,low_enrichment
RIRH,model_generated,blue,affinity,low_enrichment
FAKR,model_generated,blue,affinity,low_enrichment
PLIC,model_generated,blue,affinity,low_enrichment
PNRC,model_generated,blue,affinity,low_enrichment
PCCA,model_generated,blue,affinity,low_enrichment
PIRP,model_generated,blue,affinity,low_enrichment
PLLC,model_generated,blue,affinity,low_enrichment
PFVC,model_generated,blue,affinity,low_enrichment
RPTK,model_generated,blue,affinity,low_enrichment
PWLC,model_generated,blue,affinity,low_enrichment
LRKK,model_generated,blue,affinity,low_enrichment
RFKP,model_generated,blue,affinity,low_enrichment
PLYC,model_generated,blue,affinity,low_enrichment
RSKR,model_generated,blue,affinity,low_enrichment
RLNH,model_generated,blue,affinity,low_enrichment
KKKA,model_generated,blue,affinity,low_enrichment
PMSC,model_generated,blue,affinity,low_enrichment
PVFC,model_generated,blue,affinity,low_enrichment
PSRC,model_generated,blue,affinity,low_enrichment
PHSC,model_generated,blue,affinity,low_enrichment
PLQC,model_generated,blue,affinity,low_enrichment
RPEH,model_generated,blue,affinity,low_enrichment
RRTR,model_generated,blue,affinity,low_enrichment
PPRK,model_generated,blue,affinity,low_enrichment
PLTC,model_generated,blue,affinity,low_enrichment
RKHH,model_generated,blue,affinity,low_enrichment
RPFP,model_generated,blue,affinity,low_enrichment
PLEC,model_generated,blue,affinity,low_enrichment
PWHC,model_generated,blue,affinity,low_enrichment
PYEC,model_generated,blue,affinity,low_enrichment
PTWC,model_generated,blue,affinity,low_enrichment
PICL,model_generated,blue,affinity,low_enrichment
PMNC,model_generated,blue,affinity,low_enrichment
PSKH,model_generated,blue,affinity,low_enrichment
RSRP,model_generated,blue,affinity,low_enrichment
RMNH,model_generated,blue,affinity,low_enrichment
PLDC,model_generated,blue,affinity,low_enrichment
PICS,model_generated,blue,affinity,low_enrichment
PTLC,model_generated,blue,affinity,low_enrichment
PALC,model_generated,blue,affinity,low_enrichment
PTSC,model_generated,blue,affinity,low_enrichment
RKKH,control,black,affinity,high_count
RKLH,control,black,affinity,high_count
RTKH,control,black,affinity,high_count
SPFK,model_generated,black,specifcity,low_enrichment
RTTK,model_generated,black,specifcity,low_enrichment
SRFK,model_generated,black,specifcity,low_enrichment
SPNK,model_generated,black,specifcity,low_enrichment
SIKK,model_generated,black,specifcity,low_enrichment
SRMK,model_generated,black,specifcity,low_enrichment
RTKG,model_generated,black,specifcity,low_enrichment
RYKN,model_generated,black,specifcity,low_enrichment
SRIK,model_generated,black,specifcity,low_enrichment
SPYK,model_generated,black,specifcity,low_enrichment
SPLK,model_generated,black,specifcity,low_enrichment
SRFR,model_generated,black,specifcity,low_enrichment
RSTK,model_generated,black,specifcity,low_enrichment
RQTK,model_generated,black,specifcity,low_enrichment
RRYR,model_generated,black,specifcity,low_enrichment
RVFK,model_generated,black,specifcity,low_enrichment
LPMK,model_generated,black,specifcity,low_enrichment
STFH,model_generated,black,specifcity,low_enrichment
RTLK,model_generated,black,specifcity,low_enrichment
WRKH,model_generated,black,specifcity,low_enrichment
RAYH,model_generated,black,specifcity,low_enrichment
SPRN,model_generated,black,specifcity,low_enrichment
RNFQ,model_generated,black,specifcity,low_enrichment
RPRG,model_generated,black,specifcity,low_enrichment
SVKH,model_generated,black,specifcity,low_enrichment
SPNR,model_generated,black,specifcity,low_enrichment
RSFN,model_generated,black,specifcity,low_enrichment
RAKN,model_generated,black,specifcity,low_enrichment
RRMN,model_generated,black,specifcity,low_enrichment
RETH,model_generated,black,specifcity,low_enrichment
SSFH,model_generated,black,specifcity,low_enrichment
REWH,model_generated,black,specifcity,low_enrichment
LPKN,model_generated,black,specifcity,low_enrichment
EKKH,model_generated,black,specifcity,low_enrichment
RQPH,model_generated,black,specifcity,low_enrichment
STRR,model_generated,black,specifcity,low_enrichment
RRRS,model_generated,black,specifcity,low_enrichment
RRIN,model_generated,black,specifcity,low_enrichment
RVVH,model_generated,black,specifcity,low_enrichment
SIRK,model_generated,black,specifcity,low_enrichment
SVMK,model_generated,black,specifcity,low_enrichment
SRYH,model_generated,black,specifcity,low_enrichment
SRIR,model_generated,black,specifcity,low_enrichment
RVIH,model_generated,black,specifcity,low_enrichment
RSDH,model_generated,black,specifcity,low_enrichment
RGTH,model_generated,black,specifcity,low_enrichment
RGWH,model_generated,black,specifcity,low_enrichment
RVMH,model_generated,black,specifcity,low_enrichment
LNKS,model_generated,black,specifcity,low_enrichment
RTKD,model_generated,black,specifcity,low_enrichment
RKMN,model_generated,black,specifcity,low_enrichment
RVYK,model_generated,black,specifcity,low_enrichment
RNIP,model_generated,black,specifcity,low_enrichment
RINK,model_generated,black,specifcity,low_enrichment
SRAK,model_generated,black,specifcity,low_enrichment
SSRK,model_generated,black,specifcity,low_enrichment
RWVH,model_generated,black,specifcity,low_enrichment
KRAH,model_generated,black,specifcity,low_enrichment
WNRH,model_generated,black,specifcity,low_enrichment
LVKH,model_generated,black,specifcity,low_enrichment
RNWD,model_generated,black,specifcity,low_enrichment
WRRH,model_generated,black,specifcity,low_enrichment
RQRN,model_generated,black,specifcity,low_enrichment
RVAH,model_generated,black,specifcity,low_enrichment
DRRH,model_generated,black,specifcity,low_enrichment
SQRK,model_generated,black,specifcity,low_enrichment
RNNS,model_generated,black,specifcity,low_enrichment
RRRG,model_generated,black,specifcity,low_enrichment
RRFQ,model_generated,black,specifcity,low_enrichment
RYRK,model_generated,black,specifcity,low_enrichment
RHMR,model_generated,black,specifcity,low_enrichment
SWKH,model_generated,black,specifcity,low_enrichment
KVMK,model_generated,black,specifcity,low_enrichment
RCKK,model_generated,black,specifcity,low_enrichment
SPMN,model_generated,black,specifcity,low_enrichment
SPLR,model_generated,black,specifcity,low_enrichment
RCVH,model_generated,black,specifcity,low_enrichment
RAPH,model_generated,black,specifcity,low_enrichment
RYFK,model_generated,black,specifcity,low_enrichment
RMFN,model_generated,black,specifcity,low_enrichment
RMDH,model_generated,black,specifcity,low_enrichment
RSTR,model_generated,black,specifcity,low_enrichment
RWFP,model_generated,black,specifcity,low_enrichment
RHKG,model_generated,black,specifcity,low_enrichment
RWAH,model_generated,black,specifcity,low_enrichment
RNLP,model_generated,black,specifcity,low_enrichment
RNDP,model_generated,black,specifcity,low_enrichment
SLFH,model_generated,black,specifcity,low_enrichment
SRNR,model_generated,black,specifcity,low_enrichment
SRYR,model_generated,black,specifcity,low_enrichment
RNFS,model_generated,black,specifcity,low_enrichment
RVLH,model_generated,black,specifcity,low_enrichment
LKWH,model_generated,black,specifcity,low_enrichment
LRMK,model_generated,black,specifcity,low_enrichment
RCWP,model_generated,black,specifcity,low_enrichment
SSTH,model_generated,black,specifcity,low_enrichment
RWIH,model_generated,black,specifcity,low_enrichment
RLIK,model_generated,black,specifcity,low_enrichment
SPAR,model_generated,black,specifcity,low_enrichment
SRKS,model_generated,black,specifcity,low_enrichment
SLKR,model_generated,black,specifcity,low_enrichment
SVRH,model_generated,black,specifcity,low_enrichment
RGVH,model_generated,black,specifcity,low_enrichment
SPCK,model_generated,black,specifcity,low_enrichment
RIVK,model_generated,black,specifcity,low_enrichment
RQKG,model_generated,black,specifcity,low_enrichment
RTPK,model_generated,black,specifcity,low_enrichment
RNWG,model_generated,black,specifcity,low_enrichment
RNAN,model_generated,black,specifcity,low_enrichment
RVTR,model_generated,black,specifcity,low_enrichment
RYDH,model_generated,black,specifcity,low_enrichment
SGKH,model_generated,black,specifcity,low_enrichment
GRKH,model_generated,black,specifcity,low_enrichment
RRWN,model_generated,black,specifcity,low_enrichment
RENH,model_generated,black,specifcity,low_enrichment
RQKQ,model_generated,black,specifcity,low_enrichment
REIH,model_generated,black,specifcity,low_enrichment
RTRS,model_generated,black,specifcity,low_enrichment
SVTK,model_generated,black,specifcity,low_enrichment
RQMR,model_generated,black,specifcity,low_enrichment
RQTR,model_generated,black,specifcity,low_enrichment
RAEH,model_generated,black,specifcity,low_enrichment
SKSK,model_generated,black,specifcity,low_enrichment
SSMK,model_generated,black,specifcity,low_enrichment
RAFK,model_generated,black,specifcity,low_enrichment
DNFH,model_generated,black,specifcity,low_enrichment
GKKH,model_generated,black,specifcity,low_enrichment
RMKG,model_generated,black,specifcity,low_enrichment
RHLK,model_generated,black,specifcity,low_enrichment
SVRK,model_generated,black,specifcity,low_enrichment
RGWP,model_generated,black,specifcity,low_enrichment
RSMR,model_generated,black,specifcity,low_enrichment
RGNH,model_generated,black,specifcity,low_enrichment
RCMK,model_generated,black,specifcity,low_enrichment
RYTK,model_generated,black,specifcity,low_enrichment
FRFH,model_generated,black,specifcity,low_enrichment
RSWN,model_generated,black,specifcity,low_enrichment
RMTR,model_generated,black,specifcity,low_enrichment
RSGH,model_generated,black,specifcity,low_enrichment
RMMR,model_generated,black,specifcity,low_enrichment
NRTK,model_generated,black,specifcity,low_enrichment
RMKS,model_generated,black,specifcity,low_enrichment
RVFR,model_generated,black,specifcity,low_enrichment
MRMH,model_generated,black,specifcity,low_enrichment
SVFK,model_generated,black,specifcity,low_enrichment
RNFG,model_generated,black,specifcity,low_enrichment
RYKQ,model_generated,black,specifcity,low_enrichment
RVNK,model_generated,black,specifcity,low_enrichment
RHWN,model_generated,black,specifcity,low_enrichment
RGAH,model_generated,black,specifcity,low_enrichment
RRDK,model_generated,black,specifcity,low_enrichment
RPFY,model_generated,black,specifcity,low_enrichment
RSVP,model_generated,black,specifcity,low_enrichment
RDAH,model_generated,black,specifcity,low_enrichment
RPMQ,model_generated,black,specifcity,low_enrichment
RDYH,model_generated,black,specifcity,low_enrichment
RRAN,model_generated,black,specifcity,low_enrichment
HRMK,model_generated,black,specifcity,low_enrichment
RDNH,model_generated,black,specifcity,low_enrichment
RAWN,model_generated,black,specifcity,low_enrichment
RPPN,model_generated,black,specifcity,low_enrichment
SSRR,model_generated,black,specifcity,low_enrichment
RNYR,model_generated,black,specifcity,low_enrichment
KSWH,model_generated,black,specifcity,low_enrichment
RPFT,model_generated,black,specifcity,low_enrichment
RSKS,model_generated,black,specifcity,low_enrichment
LPTR,model_generated,black,specifcity,low_enrichment
RVHH,model_generated,black,specifcity,low_enrichment
SPKQ,model_generated,black,specifcity,low_enrichment
RWLH,model_generated,black,specifcity,low_enrichment
SMFK,model_generated,black,specifcity,low_enrichment
RRKA,model_generated,black,specifcity,low_enrichment
SPQK,model_generated,black,specifcity,low_enrichment
SSVH,model_generated,black,specifcity,low_enrichment
RCMH,model_generated,black,specifcity,low_enrichment
LRLH,model_generated,black,specifcity,low_enrichment
MRVH,model_generated,black,specifcity,low_enrichment
RRLN,model_generated,black,specifcity,low_enrichment
RTIN,model_generated,black,specifcity,low_enrichment
KPDH,model_generated,black,specifcity,low_enrichment
RTLR,model_generated,black,specifcity,low_enrichment
RADH,model_generated,black,specifcity,low_enrichment
RHVP,model_generated,black,specifcity,low_enrichment
RCLH,model_generated,black,specifcity,low_enrichment
SVFH,model_generated,black,specifcity,low_enrichment
RLDH,model_generated,black,specifcity,low_enrichment
RIFN,model_generated,black,specifcity,low_enrichment
KSVH,model_generated,black,specifcity,low_enrichment
SMRR,model_generated,black,specifcity,low_enrichment
RTFQ,model_generated,black,specifcity,low_enrichment
YRFH,model_generated,black,specifcity,low_enrichment
SPHR,model_generated,black,specifcity,low_enrichment
RPTS,model_generated,black,specifcity,low_enrichment
SAKR,model_generated,black,specifcity,low_enrichment
RISK,model_generated,black,specifcity,low_enrichment
REMK,model_generated,black,specifcity,low_enrichment
RELH,model_generated,black,specifcity,low_enrichment
RAFN,model_generated,black,specifcity,low_enrichment
RKEK,model_generated,black,specifcity,low_enrichment
SRKL,model_generated,black,specifcity,low_enrichment
SRVR,model_generated,black,specifcity,low_enrichment
LGKH,model_generated,black,specifcity,low_enrichment
RTVR,model_generated,black,specifcity,low_enrichment
RNGP,model_generated,black,specifcity,low_enrichment
REMH,model_generated,black,specifcity,low_enrichment
RNWL,model_generated,black,specifcity,low_enrichment
RESH,model_generated,black,specifcity,low_enrichment
RLMR,model_generated,black,specifcity,low_enrichment
RSLK,model_generated,black,specifcity,low_enrichment
ERRH,model_generated,black,specifcity,low_enrichment
SKRS,model_generated,black,specifcity,low_enrichment
RSIR,model_generated,black,specifcity,low_enrichment
SRRQ,model_generated,black,specifcity,low_enrichment
LPYH,model_generated,black,specifcity,low_enrichment
SKLR,model_generated,black,specifcity,low_enrichment
SWRH,model_generated,black,specifcity,low_enrichment
RVPH,model_generated,black,specifcity,low_enrichment
RMLK,model_generated,black,specifcity,low_enrichment
SPSR,model_generated,black,specifcity,low_enrichment
RGLH,model_generated,black,specifcity,low_enrichment
LITH,model_generated,black,specifcity,low_enrichment
ARRH,model_generated,black,specifcity,low_enrichment
RMGH,model_generated,black,specifcity,low_enrichment
LRSH,model_generated,black,specifcity,low_enrichment
LSTH,model_generated,black,specifcity,low_enrichment
RQGH,model_generated,black,specifcity,low_enrichment
RRFS,model_generated,black,specifcity,low_enrichment
RYRG,model_generated,black,specifcity,low_enrichment
RKTG,model_generated,black,specifcity,low_enrichment
RHAK,model_generated,black,specifcity,low_enrichment
MRLH,model_generated,black,specifcity,low_enrichment
RYRS,model_generated,black,specifcity,low_enrichment
RPER,model_generated,black,specifcity,low_enrichment
TKMH,model_generated,black,specifcity,low_enrichment
SRAR,model_generated,black,specifcity,low_enrichment
RVIR,model_generated,black,specifcity,low_enrichment
RGMH,model_generated,black,specifcity,low_enrichment
KAWH,model_generated,black,specifcity,low_enrichment
RNKE,model_generated,black,specifcity,low_enrichment
RQNK,model_generated,black,specifcity,low_enrichment
KKKP,model_generated,blue,affinity,zero_count
FKKP,model_generated,blue,affinity,zero_count
FKRR,model_generated,blue,affinity,zero_count
KRKP,model_generated,blue,affinity,zero_count
KKKQ,model_generated,blue,affinity,zero_count
KNKP,model_generated,blue,affinity,zero_count
QKRK,model_generated,blue,affinity,zero_count
KHKP,model_generated,blue,affinity,zero_count
KPKP,model_generated,blue,affinity,zero_count
FNKP,model_generated,blue,affinity,zero_count
FNKR,model_generated,blue,affinity,zero_count
KQKP,model_generated,blue,affinity,zero_count
FKTR,model_generated,blue,affinity,zero_count
KTKP,model_generated,blue,affinity,zero_count
KHRR,model_generated,blue,affinity,zero_count
KMKP,model_generated,blue,affinity,zero_count
KHRP,model_generated,blue,affinity,zero_count
FNRR,model_generated,blue,affinity,zero_count
FHKP,model_generated,blue,affinity,zero_count
KLKP,model_generated,blue,affinity,zero_count
FKTK,model_generated,blue,affinity,zero_count
NKRP,model_generated,blue,affinity,zero_count
PPKP,model_generated,blue,affinity,zero_count
PKRP,model_generated,blue,affinity,zero_count
KMRP,model_generated,blue,affinity,zero_count
KKPK,model_generated,blue,affinity,zero_count
KQRK,model_generated,blue,affinity,zero_count
KSRK,model_generated,blue,affinity,zero_count
FHRP,model_generated,blue,affinity,zero_count
KRVK,model_generated,blue,affinity,zero_count
FMKP,model_generated,blue,affinity,zero_count
KAKK,model_generated,blue,affinity,zero_count
FTKP,model_generated,blue,affinity,zero_count
KARP,model_generated,blue,affinity,zero_count
MKRR,model_generated,blue,affinity,zero_count
MKRP,model_generated,blue,affinity,zero_count
KFKP,model_generated,blue,affinity,zero_count
QHKP,model_generated,blue,affinity,zero_count
KMRK,model_generated,blue,affinity,zero_count
KNRQ,model_generated,blue,affinity,zero_count
KKSK,model_generated,blue,affinity,zero_count
FNRK,model_generated,blue,affinity,zero_count
CKKP,model_generated,blue,affinity,zero_count
PKRR,model_generated,blue,affinity,zero_count
FHKK,model_generated,blue,affinity,zero_count
KKCP,model_generated,blue,affinity,zero_count
TKKK,model_generated,blue,affinity,zero_count
PCYC,model_generated,blue,affinity,zero_count
TKRR,model_generated,blue,affinity,zero_count
PCEC,model_generated,blue,affinity,zero_count
KKRC,model_generated,blue,affinity,zero_count
PCTC,model_generated,blue,affinity,zero_count
KRRF,model_generated,blue,affinity,zero_count
NKRK,model_generated,blue,affinity,zero_count
KKMP,model_generated,blue,affinity,zero_count
PCCC,model_generated,blue,affinity,zero_count
PCHC,model_generated,blue,affinity,zero_count
PCVC,model_generated,blue,affinity,zero_count
QPRP,model_generated,blue,affinity,zero_count
PICC,model_generated,blue,affinity,zero_count
TRKK,model_generated,blue,affinity,zero_count
PIFC,model_generated,blue,affinity,zero_count
CPRH,model_generated,blue,affinity,zero_count
KKHP,model_generated,blue,affinity,zero_count
PCCY,model_generated,blue,affinity,zero_count
RQKP,model_generated,blue,affinity,zero_count
PHKP,model_generated,blue,affinity,zero_count
PHRP,model_generated,blue,affinity,zero_count
PIIC,model_generated,blue,affinity,zero_count
PPKR,model_generated,blue,affinity,zero_count
PFRC,model_generated,blue,affinity,zero_count
FAKP,model_generated,blue,affinity,zero_count
PCCP,model_generated,blue,affinity,zero_count
KKCK,model_generated,blue,affinity,zero_count
PILC,model_generated,blue,affinity,zero_count
PIKH,model_generated,blue,affinity,zero_count
KKKD,model_generated,blue,affinity,zero_count
QRKQ,model_generated,blue,affinity,zero_count
KPKQ,model_generated,blue,affinity,zero_count
PIRC,model_generated,blue,affinity,zero_count
PIWC,model_generated,blue,affinity,zero_count
KKLP,model_generated,blue,affinity,zero_count
FKKI,model_generated,blue,affinity,zero_count
NPRP,model_generated,blue,affinity,zero_count
PCAC,model_generated,blue,affinity,zero_count
PHCC,model_generated,blue,affinity,zero_count
PIQC,model_generated,blue,affinity,zero_count
PINC,model_generated,blue,affinity,zero_count
NPKP,model_generated,blue,affinity,zero_count
PITC,model_generated,blue,affinity,zero_count
PIYC,model_generated,blue,affinity,zero_count
PSCC,model_generated,blue,affinity,zero_count
FKVQ,model_generated,blue,affinity,zero_count
PIVC,model_generated,blue,affinity,zero_count
PFRH,model_generated,blue,affinity,zero_count
KKHK,model_generated,blue,affinity,zero_count
PIDC,model_generated,blue,affinity,zero_count
PHRC,model_generated,blue,affinity,zero_count
PIHC,model_generated,blue,affinity,zero_count
PFIC,model_generated,blue,affinity,zero_count
PIEC,model_generated,blue,affinity,zero_count
KKTQ,model_generated,blue,affinity,zero_count
NNKP,model_generated,blue,affinity,zero_count
KKLK,model_generated,blue,affinity,zero_count
PCCF,model_generated,blue,affinity,zero_count
KARK,model_generated,blue,affinity,zero_count
PFSC,model_generated,blue,affinity,zero_count
PTCC,model_generated,blue,affinity,zero_count
PICH,model_generated,blue,affinity,zero_count
PLRC,model_generated,blue,affinity,zero_count
KTKQ,model_generated,blue,affinity,zero_count
PMRC,model_generated,blue,affinity,zero_count
EKKR,model_generated,blue,affinity,zero_count
PICY,model_generated,blue,affinity,zero_count
FKFR,model_generated,blue,affinity,zero_count
PCCM,model_generated,blue,affinity,zero_count
PWSC,model_generated,blue,affinity,zero_count
PHFC,model_generated,blue,affinity,zero_count
PIRH,model_generated,blue,affinity,zero_count
PYRC,model_generated,blue,affinity,zero_count
PCKC,model_generated,blue,affinity,zero_count
PFNC,model_generated,blue,affinity,zero_count
PFYC,model_generated,blue,affinity,zero_count
LKKP,model_generated,blue,affinity,zero_count
PFQC,model_generated,blue,affinity,zero_count
PVCC,model_generated,blue,affinity,zero_count
PKRC,model_generated,blue,affinity,zero_count
FSKK,model_generated,blue,affinity,zero_count
PRWC,model_generated,blue,affinity,zero_count
FKNR,model_generated,blue,affinity,zero_count
PHIC,model_generated,blue,affinity,zero_count
RFQH,model_generated,blue,affinity,zero_count
FQKK,model_generated,blue,affinity,zero_count
MPRP,model_generated,blue,affinity,zero_count
PWWC,model_generated,blue,affinity,zero_count
FVRQ,model_generated,blue,affinity,zero_count
HRKP,model_generated,blue,affinity,zero_count
KRKL,model_generated,blue,affinity,zero_count
PHLC,model_generated,blue,affinity,zero_count
PWIC,model_generated,blue,affinity,zero_count
PNCC,model_generated,blue,affinity,zero_count
PFDC,model_generated,blue,affinity,zero_count
PCCS,model_generated,blue,affinity,zero_count
PCRY,model_generated,blue,affinity,zero_count
PFTC,model_generated,blue,affinity,zero_count
PYFC,model_generated,blue,affinity,zero_count
KRMR,model_generated,blue,affinity,zero_count
PFEC,model_generated,blue,affinity,zero_count
PCCH,model_generated,blue,affinity,zero_count
QNKK,model_generated,blue,affinity,zero_count
PYIC,model_generated,blue,affinity,zero_count
PKFC,model_generated,blue,affinity,zero_count
PHWC,model_generated,blue,affinity,zero_count
PCCL,model_generated,blue,affinity,zero_count
PIMC,model_generated,blue,affinity,zero_count
PFHC,model_generated,blue,affinity,zero_count
PYSC,model_generated,blue,affinity,zero_count
PYWC,model_generated,blue,affinity,zero_count
PRCC,model_generated,blue,affinity,zero_count
KDKR,model_generated,blue,affinity,zero_count
PDCC,model_generated,blue,affinity,zero_count
PFCY,model_generated,blue,affinity,zero_count
PARC,model_generated,blue,affinity,zero_count
PMFC,model_generated,blue,affinity,zero_count
PQCC,model_generated,blue,affinity,zero_count
QHKR,model_generated,blue,affinity,zero_count
PICW,model_generated,blue,affinity,zero_count
PMWC,model_generated,blue,affinity,zero_count
PCCT,model_generated,blue,affinity,zero_count
PPWH,model_generated,blue,affinity,zero_count
KKNK,model_generated,blue,affinity,zero_count
PNKK,model_generated,blue,affinity,zero_count
HKRK,model_generated,blue,affinity,zero_count
PPFC,model_generated,blue,affinity,zero_count
FKRF,model_generated,blue,affinity,zero_count
PYYC,model_generated,blue,affinity,zero_count
PICF,model_generated,blue,affinity,zero_count
PMIC,model_generated,blue,affinity,zero_count
PIAC,model_generated,blue,affinity,zero_count
PWNC,model_generated,blue,affinity,zero_count
PPIC,model_generated,blue,affinity,zero_count
PCCI,model_generated,blue,affinity,zero_count
PTRC,model_generated,blue,affinity,zero_count
PHYC,model_generated,blue,affinity,zero_count
PTFC,model_generated,blue,affinity,zero_count
PLNC,model_generated,blue,affinity,zero_count
MRKP,model_generated,blue,affinity,zero_count
PHNC,model_generated,blue,affinity,zero_count
PTIC,model_generated,blue,affinity,zero_count
QSKP,model_generated,blue,affinity,zero_count
PKIC,model_generated,blue,affinity,zero_count
PCRH,model_generated,blue,affinity,zero_count
PYDC,model_generated,blue,affinity,zero_count
PCIY,model_generated,blue,affinity,zero_count
PMLC,model_generated,blue,affinity,zero_count
PHQC,model_generated,blue,affinity,zero_count
PKWC,model_generated,blue,affinity,zero_count
KKAK,model_generated,blue,affinity,zero_count
PAIC,model_generated,blue,affinity,zero_count
PICM,model_generated,blue,affinity,zero_count
PAFC,model_generated,blue,affinity,zero_count
PYNC,model_generated,blue,affinity,zero_count
PMYC,model_generated,blue,affinity,zero_count
PYQC,model_generated,blue,affinity,zero_count
PPHH,model_generated,blue,affinity,zero_count
KKGP,model_generated,blue,affinity,zero_count
PHTC,model_generated,blue,affinity,zero_count
KKIQ,model_generated,blue,affinity,zero_count
PEFC,model_generated,blue,affinity,zero_count
PCRP,model_generated,blue,affinity,zero_count
RIQH,model_generated,blue,affinity,zero_count
PFMC,model_generated,blue,affinity,zero_count
QVRR,model_generated,blue,affinity,zero_count
PYTC,model_generated,blue,affinity,zero_count
PHVC,model_generated,blue,affinity,zero_count
PPCP,model_generated,blue,affinity,zero_count
PKCP,model_generated,blue,affinity,zero_count
PQFC,model_generated,blue,affinity,zero_count
PMQC,model_generated,blue,affinity,zero_count
PNFC,model_generated,blue,affinity,zero_count
PEIC,model_generated,blue,affinity,zero_count
PCCQ,model_generated,blue,affinity,zero_count
QHRP,model_generated,blue,affinity,zero_count
PLCY,model_generated,blue,affinity,zero_count
FTRR,model_generated,blue,affinity,zero_count
PPCH,model_generated,blue,affinity,zero_count
RRVK,control,cross-specific,affinity,high_count
RRVR,control,cross-specific,affinity,high_count
RPKG,control,black,affinity,high_count
RPRR,control,black,affinity,high_count
RNRG,control,black,affinity,high_count
KRKK,model_generated,cross-specific,specifcity,zero_count
KKKK,model_generated,cross-specific,specifcity,zero_count
KKKR,model_generated,cross-specific,specifcity,zero_count
SRKK,model_generated,cross-specific,specifcity,zero_count
KPKK,model_generated,cross-specific,specifcity,zero_count
KKKH,model_generated,cross-specific,specifcity,zero_count
SKKK,model_generated,cross-specific,specifcity,zero_count
KKRK,model_generated,cross-specific,specifcity,zero_count
KRRK,model_generated,cross-specific,specifcity,zero_count
KRKH,model_generated,cross-specific,specifcity,zero_count
FKKR,model_generated,cross-specific,specifcity,zero_count
SKRK,model_generated,cross-specific,specifcity,zero_count
FKKK,model_generated,cross-specific,specifcity,zero_count
KPKH,model_generated,cross-specific,specifcity,zero_count
FRKK,model_generated,cross-specific,specifcity,zero_count
RNKP,model_generated,cross-specific,specifcity,zero_count
QKKK,model_generated,cross-specific,specifcity,zero_count
KKKN,model_generated,cross-specific,specifcity,zero_count
QRKK,model_generated,cross-specific,specifcity,zero_count
KNKH,model_generated,cross-specific,specifcity,zero_count
KPRH,model_generated,cross-specific,specifcity,zero_count
KNKK,model_generated,cross-specific,specifcity,zero_count
KNKR,model_generated,cross-specific,specifcity,zero_count
KHKH,model_generated,cross-specific,specifcity,zero_count
NKKK,model_generated,cross-specific,specifcity,zero_count
KRKN,model_generated,cross-specific,specifcity,zero_count
PNKH,model_generated,cross-specific,specifcity,zero_count
NRKK,model_generated,cross-specific,specifcity,zero_count
KNRH,model_generated,cross-specific,specifcity,zero_count
KKTK,model_generated,cross-specific,specifcity,zero_count
HRKK,model_generated,cross-specific,specifcity,zero_count
FKKH,model_generated,cross-specific,specifcity,zero_count
KTKK,model_generated,cross-specific,specifcity,zero_count
PRKH,model_generated,cross-specific,specifcity,zero_count
QRKR,model_generated,cross-specific,specifcity,zero_count
NKKR,model_generated,cross-specific,specifcity,zero_count
FKRK,model_generated,cross-specific,specifcity,zero_count
LKKR,model_generated,cross-specific,specifcity,zero_count
MRKK,model_generated,cross-specific,specifcity,zero_count
HKKK,model_generated,cross-specific,specifcity,zero_count
MPKH,model_generated,cross-specific,specifcity,zero_count
MKKK,model_generated,cross-specific,specifcity,zero_count
KHKK,model_generated,cross-specific,specifcity,zero_count
RHQH,model_generated,cross-specific,specifcity,zero_count
FPKK,model_generated,cross-specific,specifcity,zero_count
NPKH,model_generated,cross-specific,specifcity,zero_count
HKKR,model_generated,cross-specific,specifcity,zero_count
MKKR,model_generated,cross-specific,specifcity,zero_count
MPRH,model_generated,cross-specific,specifcity,zero_count
PHKH,model_generated,cross-specific,specifcity,zero_count
KRTK,model_generated,cross-specific,specifcity,zero_count
PPKK,model_generated,cross-specific,specifcity,zero_count
KKTR,model_generated,cross-specific,specifcity,zero_count
KHKR,model_generated,cross-specific,specifcity,zero_count
FKRH,model_generated,cross-specific,specifcity,zero_count
KVKK,model_generated,cross-specific,specifcity,zero_count
RHKP,model_generated,cross-specific,specifcity,zero_count
FPKH,model_generated,cross-specific,specifcity,zero_count
NPRH,model_generated,cross-specific,specifcity,zero_count
KIKK,model_generated,cross-specific,specifcity,zero_count
KSKK,model_generated,cross-specific,specifcity,zero_count
FKKN,model_generated,cross-specific,specifcity,zero_count
KQKK,model_generated,cross-specific,specifcity,zero_count
KNRP,model_generated,cross-specific,specifcity,zero_count
HRKR,model_generated,cross-specific,specifcity,zero_count
KKKG,model_generated,cross-specific,specifcity,zero_count
KKIK,model_generated,cross-specific,specifcity,zero_count
KRKQ,model_generated,cross-specific,specifcity,zero_count
KNRK,model_generated,cross-specific,specifcity,zero_count
KKRN,model_generated,cross-specific,specifcity,zero_count
KSKR,model_generated,cross-specific,specifcity,zero_count
KVKH,model_generated,cross-specific,specifcity,zero_count
KIKR,model_generated,cross-specific,specifcity,zero_count
QRRK,model_generated,cross-specific,specifcity,zero_count
QPKR,model_generated,cross-specific,specifcity,zero_count
KMKK,model_generated,cross-specific,specifcity,zero_count
PKKK,model_generated,cross-specific,specifcity,zero_count
PPFH,model_generated,cross-specific,specifcity,zero_count
KQKR,model_generated,cross-specific,specifcity,zero_count
IRKK,model_generated,cross-specific,specifcity,zero_count
KMKR,model_generated,cross-specific,specifcity,zero_count
IKKK,model_generated,cross-specific,specifcity,zero_count
TKKR,model_generated,cross-specific,specifcity,zero_count
KSKP,model_generated,cross-specific,specifcity,zero_count
KAKP,model_generated,cross-specific,specifcity,zero_count
QKKN,model_generated,cross-specific,specifcity,zero_count
KKIR,model_generated,cross-specific,specifcity,zero_count
FNRP,model_generated,cross-specific,specifcity,zero_count
KKKS,model_generated,cross-specific,specifcity,zero_count
PKKP,model_generated,cross-specific,specifcity,zero_count
PPTH,model_generated,cross-specific,specifcity,zero_count
PNRP,model_generated,cross-specific,specifcity,zero_count
KNKQ,model_generated,cross-specific,specifcity,zero_count
KKVK,model_generated,cross-specific,specifcity,zero_count
KKFR,model_generated,cross-specific,specifcity,zero_count
FRKN,model_generated,cross-specific,specifcity,zero_count
IKKR,model_generated,cross-specific,specifcity,zero_count
FKRN,model_generated,cross-specific,specifcity,zero_count
KTRK,model_generated,cross-specific,specifcity,zero_count
FPRK,model_generated,cross-specific,specifcity,zero_count
KRRN,model_generated,cross-specific,specifcity,zero_count
PKKR,model_generated,cross-specific,specifcity,zero_count
IRKR,model_generated,cross-specific,specifcity,zero_count
KLKK,model_generated,cross-specific,specifcity,zero_count
KHRK,model_generated,cross-specific,specifcity,zero_count
NKRR,model_generated,cross-specific,specifcity,zero_count
PNKP,model_generated,cross-specific,specifcity,zero_count
FNKK,model_generated,cross-specific,specifcity,zero_count
QNKR,model_generated,cross-specific,specifcity,zero_count
PPNH,model_generated,cross-specific,specifcity,zero_count
RKTP,model_generated,cross-specific,specifcity,zero_count
QNRP,model_generated,cross-specific,specifcity,zero_count
PCIC,model_generated,cross-specific,specifcity,zero_count
PCRC,model_generated,cross-specific,specifcity,zero_count
PCFC,model_generated,cross-specific,specifcity,zero_count
PCQC,model_generated,cross-specific,specifcity,zero_count
PCSC,model_generated,cross-specific,specifcity,zero_count
KSRR,model_generated,blue,specifcity,low_enrichment
KRVR,model_generated,blue,specifcity,low_enrichment
FKVK,model_generated,blue,specifcity,low_enrichment
KKLR,model_generated,blue,specifcity,low_enrichment
FVRK,model_generated,blue,specifcity,low_enrichment
KKNR,model_generated,blue,specifcity,low_enrichment
KKAR,model_generated,blue,specifcity,low_enrichment
KRVP,model_generated,blue,specifcity,low_enrichment
KVVR,model_generated,blue,specifcity,low_enrichment
KLRP,model_generated,blue,specifcity,low_enrichment
FTKR,model_generated,blue,specifcity,low_enrichment
FKSR,model_generated,blue,specifcity,low_enrichment
FRVR,model_generated,blue,specifcity,low_enrichment
FIRR,model_generated,blue,specifcity,low_enrichment
SRKP,model_generated,blue,specifcity,low_enrichment
FQRR,model_generated,blue,specifcity,low_enrichment
FQRP,model_generated,blue,specifcity,low_enrichment
RNFH,model_generated,cross-specific,specifcity,low_enrichment
KRKR,model_generated,cross-specific,specifcity,low_enrichment
RKKP,model_generated,cross-specific,specifcity,low_enrichment
RKRK,model_generated,cross-specific,specifcity,low_enrichment
RKRR,model_generated,cross-specific,specifcity,low_enrichment
SRKR,model_generated,cross-specific,specifcity,low_enrichment
SKKR,model_generated,cross-specific,specifcity,low_enrichment
RHFH,model_generated,cross-specific,specifcity,low_enrichment
RNNH,model_generated,cross-specific,specifcity,low_enrichment
RNQH,model_generated,cross-specific,specifcity,low_enrichment
KKRR,model_generated,cross-specific,specifcity,low_enrichment
KPRK,model_generated,cross-specific,specifcity,low_enrichment
RRRR,model_generated,cross-specific,specifcity,low_enrichment
RKRP,model_generated,cross-specific,specifcity,low_enrichment
QKKR,model_generated,cross-specific,specifcity,low_enrichment
KRRH,model_generated,cross-specific,specifcity,low_enrichment
KKRP,model_generated,cross-specific,specifcity,low_enrichment
FRKR,model_generated,cross-specific,specifcity,low_enrichment
QKKH,model_generated,cross-specific,specifcity,low_enrichment
RPKP,model_generated,cross-specific,specifcity,low_enrichment
RNRP,model_generated,cross-specific,specifcity,low_enrichment
SPKH,model_generated,cross-specific,specifcity,low_enrichment
FRKH,model_generated,cross-specific,specifcity,low_enrichment
FPKR,model_generated,cross-specific,specifcity,low_enrichment
KTKR,model_generated,cross-specific,specifcity,low_enrichment
FRRR,model_generated,cross-specific,specifcity,low_enrichment
KNRR,model_generated,cross-specific,specifcity,low_enrichment
MRKR,model_generated,cross-specific,specifcity,low_enrichment
RRRP,model_generated,cross-specific,specifcity,low_enrichment
PRKK,model_generated,cross-specific,specifcity,low_enrichment
KRTR,model_generated,cross-specific,specifcity,low_enrichment
RKLR,model_generated,cross-specific,specifcity,low_enrichment
KKMR,model_generated,cross-specific,specifcity,low_enrichment
RKVP,model_generated,cross-specific,specifcity,low_enrichment
TRKR,model_generated,cross-specific,specifcity,low_enrichment
FPRR,model_generated,cross-specific,specifcity,low_enrichment
RKSR,model_generated,cross-specific,specifcity,low_enrichment
RRPR,model_generated,cross-specific,specifcity,low_enrichment
KRIR,model_generated,cross-specific,specifcity,low_enrichment
FKKG,model_generated,cross-specific,specifcity,low_enrichment
RVKP,model_generated,cross-specific,specifcity,low_enrichment
PPQH,model_generated,cross-specific,specifcity,low_enrichment
RRFK,model_generated,black,affinity,low_enrichment
RSFH,model_generated,black,affinity,low_enrichment
RRWH,model_generated,black,affinity,low_enrichment
RQFH,model_generated,black,affinity,low_enrichment
RMFH,model_generated,black,affinity,low_enrichment
RRYH,model_generated,black,affinity,low_enrichment
SPKR,model_generated,black,affinity,low_enrichment
RRRK,model_generated,black,affinity,low_enrichment
RCKH,model_generated,black,affinity,low_enrichment
RKYH,model_generated,black,affinity,low_enrichment
RDKH,model_generated,black,affinity,low_enrichment
KPKR,model_generated,black,affinity,low_enrichment
RSWH,model_generated,black,affinity,low_enrichment
RAFH,model_generated,black,affinity,low_enrichment
LPKK,model_generated,black,affinity,low_enrichment
RRFR,model_generated,black,affinity,low_enrichment
RRYK,model_generated,black,affinity,low_enrichment
RRQH,model_generated,black,affinity,low_enrichment
RMWH,model_generated,black,affinity,low_enrichment
RLFH,model_generated,black,affinity,low_enrichment
RYWH,model_generated,black,affinity,low_enrichment
RRHH,model_generated,black,affinity,low_enrichment
RYKK,model_generated,black,affinity,low_enrichment
RFFH,model_generated,black,affinity,low_enrichment
RWRH,model_generated,black,affinity,low_enrichment
RHFK,model_generated,black,affinity,low_enrichment
RRRN,model_generated,black,affinity,low_enrichment
RATH,model_generated,black,affinity,low_enrichment
RQKN,model_generated,black,affinity,low_enrichment
RSYH,model_generated,black,affinity,low_enrichment
RRMR,model_generated,black,affinity,low_enrichment
RLWH,model_generated,black,affinity,low_enrichment
RCRH,model_generated,black,affinity,low_enrichment
STKH,model_generated,black,affinity,low_enrichment
RVFH,model_generated,black,affinity,low_enrichment
RIRK,model_generated,black,affinity,low_enrichment
RKKI,model_generated,black,affinity,low_enrichment
RPKY,model_generated,black,affinity,low_enrichment
RPNR,model_generated,black,affinity,low_enrichment
RPAR,model_generated,black,affinity,low_enrichment
RWFH,model_generated,black,affinity,low_enrichment
SKTR,model_generated,black,affinity,low_enrichment
RYKR,model_generated,black,affinity,low_enrichment
RPQK,model_generated,black,affinity,low_enrichment
IRKH,model_generated,black,affinity,low_enrichment
RMFK,model_generated,black,affinity,low_enrichment
FRRH,model_generated,black,affinity,low_enrichment
RHRR,model_generated,black,affinity,low_enrichment
REFH,model_generated,black,affinity,low_enrichment
RKKL,model_generated,black,affinity,low_enrichment
RPGH,model_generated,black,affinity,low_enrichment
RNKL,model_generated,black,affinity,low_enrichment
RRCH,model_generated,black,affinity,low_enrichment
RPRS,model_generated,black,affinity,low_enrichment
PRRH,model_generated,black,affinity,low_enrichment
RNTR,model_generated,black,affinity,low_enrichment
KPRR,model_generated,black,affinity,low_enrichment
RCFH,model_generated,black,affinity,low_enrichment
RKYR,model_generated,black,affinity,low_enrichment
RNKF,model_generated,black,affinity,low_enrichment
RNQP,model_generated,black,affinity,low_enrichment
RDFH,model_generated,black,affinity,low_enrichment
RIWH,model_generated,black,affinity,low_enrichment
RKSK,model_generated,black,affinity,low_enrichment
TNRH,model_generated,black,affinity,low_enrichment
RAKP,model_generated,black,affinity,low_enrichment
RIVH,model_generated,black,affinity,low_enrichment
RLIH,model_generated,black,affinity,low_enrichment
RFVH,model_generated,black,affinity,low_enrichment
RPRP,model_generated,black,affinity,low_enrichment
RNKC,model_generated,black,affinity,low_enrichment
LPFH,model_generated,black,affinity,low_enrichment
RRWP,model_generated,black,affinity,low_enrichment
RRKD,model_generated,black,affinity,low_enrichment
RRKP,model_generated,black,affinity,low_enrichment
RKFP,model_generated,black,affinity,low_enrichment
QKKP,model_generated,blue,specifcity,zero_count
QRKP,model_generated,blue,specifcity,zero_count
KKRQ,model_generated,blue,specifcity,zero_count
KVKP,model_generated,blue,specifcity,zero_count
FKKQ,model_generated,blue,specifcity,zero_count
KKVR,model_generated,blue,specifcity,zero_count
KRKY,model_generated,blue,specifcity,zero_count
KKKY,model_generated,blue,specifcity,zero_count
KKVP,model_generated,blue,specifcity,zero_count
KRRQ,model_generated,blue,specifcity,zero_count
FVKR,model_generated,blue,specifcity,zero_count
KKKF,model_generated,blue,specifcity,zero_count
FKVR,model_generated,blue,specifcity,zero_count
KVKQ,model_generated,blue,specifcity,zero_count
KRKG,model_generated,blue,specifcity,zero_count
KRKF,model_generated,blue,specifcity,zero_count
KKRY,model_generated,blue,specifcity,zero_count
FKRQ,model_generated,blue,specifcity,zero_count
FVKP,model_generated,blue,specifcity,zero_count
SKKP,model_generated,blue,specifcity,zero_count
KIKP,model_generated,blue,specifcity,zero_count
KKPR,model_generated,blue,specifcity,zero_count
NKKP,model_generated,blue,specifcity,zero_count
KIRR,model_generated,blue,specifcity,zero_count
HKKP,model_generated,blue,specifcity,zero_count
KKTP,model_generated,blue,specifcity,zero_count
KQRP,model_generated,blue,specifcity,zero_count
KKKT,model_generated,blue,specifcity,zero_count
FHKR,model_generated,blue,specifcity,zero_count
KKKM,model_generated,blue,specifcity,zero_count
KAKR,model_generated,blue,specifcity,zero_count
KQRR,model_generated,blue,specifcity,zero_count
QKKQ,model_generated,blue,specifcity,zero_count
KKKI,model_generated,blue,specifcity,zero_count
KRKT,model_generated,blue,specifcity,zero_count
KKQR,model_generated,blue,specifcity,zero_count
FSKR,model_generated,blue,specifcity,zero_count
FKVP,model_generated,blue,specifcity,zero_count
KKSR,model_generated,blue,specifcity,zero_count
FQKR,model_generated,blue,specifcity,zero_count
KKRF,model_generated,blue,specifcity,zero_count
MKKP,model_generated,blue,specifcity,zero_count
FVKK,model_generated,blue,specifcity,zero_count
QNKP,model_generated,blue,specifcity,zero_count
FKKY,model_generated,blue,specifcity,zero_count
KKVQ,model_generated,blue,specifcity,zero_count
KKRG,model_generated,blue,specifcity,zero_count
FKIR,model_generated,blue,specifcity,zero_count
FKPR,model_generated,blue,specifcity,zero_count
SKRP,model_generated,blue,specifcity,zero_count
KKRT,model_generated,blue,specifcity,zero_count
KRKM,model_generated,blue,specifcity,zero_count
KKHR,model_generated,blue,specifcity,zero_count
IKKP,model_generated,blue,specifcity,zero_count
FIKR,model_generated,blue,specifcity,zero_count
FKKF,model_generated,blue,specifcity,zero_count
QKVR,model_generated,blue,specifcity,zero_count
KRKI,model_generated,blue,specifcity,zero_count
KTRP,model_generated,blue,specifcity,zero_count
QKTR,model_generated,blue,specifcity,zero_count
HKRP,model_generated,blue,specifcity,zero_count
FVKQ,model_generated,blue,specifcity,zero_count
KKSP,model_generated,blue,specifcity,zero_count
FMKR,model_generated,blue,specifcity,zero_count
KRPR,model_generated,blue,specifcity,zero_count
QPKP,model_generated,blue,specifcity,zero_count
KKQP,model_generated,blue,specifcity,zero_count
KKKC,model_generated,blue,specifcity,zero_count
QVKR,model_generated,blue,specifcity,zero_count
TKKP,model_generated,blue,specifcity,zero_count
KKGR,model_generated,blue,specifcity,zero_count
KIRP,model_generated,blue,specifcity,zero_count
KKRM,model_generated,blue,specifcity,zero_count
KVKN,model_generated,blue,specifcity,zero_count
FKRY,model_generated,blue,specifcity,zero_count
KIKQ,model_generated,blue,specifcity,zero_count
QKRQ,model_generated,blue,specifcity,zero_count
FRTR,model_generated,blue,specifcity,zero_count
FKKT,model_generated,blue,specifcity,zero_count
KKPP,model_generated,blue,specifcity,zero_count
QVKP,model_generated,blue,specifcity,zero_count
FIKP,model_generated,blue,specifcity,zero_count
FHRR,model_generated,blue,specifcity,zero_count
KKCR,model_generated,blue,specifcity,zero_count
KKRI,model_generated,blue,specifcity,zero_count
FKTP,model_generated,blue,specifcity,zero_count
FRKY,model_generated,blue,specifcity,zero_count
FKMR,model_generated,blue,specifcity,zero_count
KQKQ,model_generated,blue,specifcity,zero_count
KKQK,model_generated,blue,specifcity,zero_count
KFKR,model_generated,blue,specifcity,zero_count
FKQR,model_generated,blue,specifcity,zero_count
KKKL,model_generated,blue,specifcity,zero_count
IKRP,model_generated,blue,specifcity,zero_count
FKPK,model_generated,blue,specifcity,zero_count
KRKC,model_generated,blue,specifcity,zero_count
FKAR,model_generated,blue,specifcity,zero_count
FKLR,model_generated,blue,specifcity,zero_count
FKHR,model_generated,blue,specifcity,zero_count
NRKP,model_generated,blue,specifcity,zero_count
IKRR,model_generated,blue,specifcity,zero_count
KHKQ,model_generated,blue,specifcity,zero_count
KRTP,model_generated,blue,specifcity,zero_count
KKNP,model_generated,blue,specifcity,zero_count
FKKM,model_generated,blue,specifcity,zero_count
FKIK,model_generated,blue,specifcity,zero_count
KRKS,model_generated,blue,specifcity,zero_count
GLRS,control,no,affinity,high_count
GRAT,control,no,affinity,high_count
GWWI,control,no,affinity,high_count
SPTK,model_generated,black,specifcity,zero_count
SKTK,model_generated,black,specifcity,zero_count
SPTR,model_generated,black,specifcity,zero_count
SPMK,model_generated,black,specifcity,zero_count
KPFK,model_generated,black,specifcity,zero_count
SKFK,model_generated,black,specifcity,zero_count
SHKK,model_generated,black,specifcity,zero_count
SPIK,model_generated,black,specifcity,zero_count
KPTK,model_generated,black,specifcity,zero_count
SKMK,model_generated,black,specifcity,zero_count
SMKK,model_generated,black,specifcity,zero_count
TPKK,model_generated,black,specifcity,zero_count
SQKK,model_generated,black,specifcity,zero_count
SKTH,model_generated,black,specifcity,zero_count
SPMR,model_generated,black,specifcity,zero_count
STRK,model_generated,black,specifcity,zero_count
SKIK,model_generated,black,specifcity,zero_count
KPMK,model_generated,black,specifcity,zero_count
SPKN,model_generated,black,specifcity,zero_count
SRKN,model_generated,black,specifcity,zero_count
HRRH,model_generated,black,specifcity,zero_count
KPIK,model_generated,black,specifcity,zero_count
STTK,model_generated,black,specifcity,zero_count
SRNK,model_generated,black,specifcity,zero_count
RNKT,model_generated,black,specifcity,zero_count
YRKH,model_generated,black,specifcity,zero_count
SKNK,model_generated,black,specifcity,zero_count
YPKK,model_generated,black,specifcity,zero_count
STMK,model_generated,black,specifcity,zero_count
LYKH,model_generated,black,specifcity,zero_count
TRRH,model_generated,black,specifcity,zero_count
KNTH,model_generated,black,specifcity,zero_count
SRYK,model_generated,black,specifcity,zero_count
SVKK,model_generated,black,specifcity,zero_count
RPVN,model_generated,black,specifcity,zero_count
SKKS,model_generated,black,specifcity,zero_count
SKKN,model_generated,black,specifcity,zero_count
SRNH,model_generated,black,specifcity,zero_count
SPIH,model_generated,black,specifcity,zero_count
SKIH,model_generated,black,specifcity,zero_count
KPMH,model_generated,black,specifcity,zero_count
YNKH,model_generated,black,specifcity,zero_count
RTFN,model_generated,black,specifcity,zero_count
SKYK,model_generated,black,specifcity,zero_count
SYKH,model_generated,black,specifcity,zero_count
RYYH,model_generated,black,specifcity,zero_count
HTKH,model_generated,black,specifcity,zero_count
KPIH,model_generated,black,specifcity,zero_count
SKVH,model_generated,black,specifcity,zero_count
RIYK,model_generated,black,specifcity,zero_count
YKKH,model_generated,black,specifcity,zero_count
SKAH,model_generated,black,specifcity,zero_count
TTKH,model_generated,black,specifcity,zero_count
KPYK,model_generated,black,specifcity,zero_count
STFK,model_generated,black,specifcity,zero_count
KNWH,model_generated,black,specifcity,zero_count
YRRH,model_generated,black,specifcity,zero_count
SIMK,model_generated,black,specifcity,zero_count
KPMR,model_generated,black,specifcity,zero_count
RYKS,model_generated,black,specifcity,zero_count
KTMK,model_generated,black,specifcity,zero_count
SPAK,model_generated,black,specifcity,zero_count
SPVK,model_generated,black,specifcity,zero_count
SHRK,model_generated,black,specifcity,zero_count
SKMR,model_generated,black,specifcity,zero_count
SPVH,model_generated,black,specifcity,zero_count
LPTK,model_generated,black,specifcity,zero_count
SQRH,model_generated,black,specifcity,zero_count
HPRK,model_generated,black,specifcity,zero_count
KPVH,model_generated,black,specifcity,zero_count
SLKK,model_generated,black,specifcity,zero_count
SPYH,model_generated,black,specifcity,zero_count
SKRN,model_generated,black,specifcity,zero_count
SRIH,model_generated,black,specifcity,zero_count
NPMK,model_generated,black,specifcity,zero_count
SRAH,model_generated,black,specifcity,zero_count
SNWH,model_generated,black,specifcity,zero_count
VNKH,model_generated,black,specifcity,zero_count
SKYH,model_generated,black,specifcity,zero_count
KKIH,model_generated,black,specifcity,zero_count
WNKH,model_generated,black,specifcity,zero_count
SKMH,model_generated,black,specifcity,zero_count
KTFH,model_generated,black,specifcity,zero_count
KPAH,model_generated,black,specifcity,zero_count
KRIH,model_generated,black,specifcity,zero_count
SPHK,model_generated,black,specifcity,zero_count
KIMK,model_generated,black,specifcity,zero_count
RNNN,model_generated,black,specifcity,zero_count
SIKR,model_generated,black,specifcity,zero_count
RNWQ,model_generated,black,specifcity,zero_count
KPNK,model_generated,black,specifcity,zero_count
RNWN,model_generated,black,specifcity,zero_count
YNRH,model_generated,black,specifcity,zero_count
HPMK,model_generated,black,specifcity,zero_count
RTEH,model_generated,black,specifcity,zero_count
RPEK,model_generated,black,specifcity,zero_count
KRNH,model_generated,black,specifcity,zero_count
RNYK,model_generated,black,specifcity,zero_count
SMKR,model_generated,black,specifcity,zero_count
STIK,model_generated,black,specifcity,zero_count
RPDK,model_generated,black,specifcity,zero_count
QYKH,model_generated,black,specifcity,zero_count
ENKH,model_generated,black,specifcity,zero_count
IRRH,model_generated,black,specifcity,zero_count
YTKH,model_generated,black,specifcity,zero_count
ANKH,model_generated,black,specifcity,zero_count
KRVH,model_generated,black,specifcity,zero_count
KNAH,model_generated,black,specifcity,zero_count
KPYH,model_generated,black,specifcity,zero_count
KHFH,model_generated,black,specifcity,zero_count
YKRH,model_generated,black,specifcity,zero_count
KPLH,model_generated,black,specifcity,zero_count
KKWH,model_generated,black,specifcity,zero_count
KTTH,model_generated,black,specifcity,zero_count
SKNH,model_generated,black,specifcity,zero_count
ARKH,model_generated,black,specifcity,zero_count
NPTK,model_generated,black,specifcity,zero_count
RNAP,model_generated,black,specifcity,zero_count
KNIH,model_generated,black,specifcity,zero_count
ERKH,model_generated,black,specifcity,zero_count
SITK,model_generated,black,specifcity,zero_count
SNIH,model_generated,black,specifcity,zero_count
VKKH,model_generated,black,specifcity,zero_count
SKLK,model_generated,black,specifcity,zero_count
KKMH,model_generated,black,specifcity,zero_count
SQKR,model_generated,black,specifcity,zero_count
AKKH,model_generated,black,specifcity,zero_count
QNWH,model_generated,black,specifcity,zero_count
LNWH,model_generated,black,specifcity,zero_count
KYRH,model_generated,black,specifcity,zero_count
RNEP,model_generated,black,specifcity,zero_count
YHKH,model_generated,black,specifcity,zero_count
KHTH,model_generated,black,specifcity,zero_count
HNFH,model_generated,black,specifcity,zero_count
VRKH,model_generated,black,specifcity,zero_count
RQFP,model_generated,black,specifcity,zero_count
KRMH,model_generated,black,specifcity,zero_count
MPMK,model_generated,black,specifcity,zero_count
KKAH,model_generated,black,specifcity,zero_count
RHYK,model_generated,black,specifcity,zero_count
HPTK,model_generated,black,specifcity,zero_count
LNVH,model_generated,black,specifcity,zero_count
SNAH,model_generated,black,specifcity,zero_count
KRWH,model_generated,black,specifcity,zero_count
SNMH,model_generated,black,specifcity,zero_count
RDTH,model_generated,black,specifcity,zero_count
SKLH,model_generated,black,specifcity,zero_count
KKYH,model_generated,black,specifcity,zero_count
KPLK,model_generated,black,specifcity,zero_count
RTAK,model_generated,black,specifcity,zero_count
ITKH,model_generated,black,specifcity,zero_count
RTHK,model_generated,black,specifcity,zero_count
HSKH,model_generated,black,specifcity,zero_count
SKIR,model_generated,black,specifcity,zero_count
MPTK,model_generated,black,specifcity,zero_count
TNFH,model_generated,black,specifcity,zero_count
STTH,model_generated,black,specifcity,zero_count
RTTN,model_generated,black,specifcity,zero_count
KRYH,model_generated,black,specifcity,zero_count
SMFH,model_generated,black,specifcity,zero_count
RNYP,model_generated,black,specifcity,zero_count
SPSK,model_generated,black,specifcity,zero_count
KWKH,model_generated,black,specifcity,zero_count
KTFK,model_generated,black,specifcity,zero_count
YKKK,model_generated,black,specifcity,zero_count
LRKN,model_generated,black,specifcity,zero_count
RDWH,model_generated,black,specifcity,zero_count
SKVK,model_generated,black,specifcity,zero_count
SQFH,model_generated,black,specifcity,zero_count
MPFK,model_generated,black,specifcity,zero_count
TSKH,model_generated,black,specifcity,zero_count
SKSH,model_generated,black,specifcity,zero_count
SKAK,model_generated,black,specifcity,zero_count
SCKH,model_generated,black,specifcity,zero_count
RNIN,model_generated,black,specifcity,zero_count
SIFK,model_generated,black,specifcity,zero_count
SYFH,model_generated,black,specifcity,zero_count
YNFH,model_generated,black,specifcity,zero_count
QKTH,model_generated,black,specifcity,zero_count
SHTK,model_generated,black,specifcity,zero_count
RQEH,model_generated,black,specifcity,zero_count
HYKH,model_generated,black,specifcity,zero_count
KTTK,model_generated,black,specifcity,zero_count
SPTN,model_generated,black,specifcity,zero_count
KMFH,model_generated,black,specifcity,zero_count
YPFH,model_generated,black,specifcity,zero_count
SPPK,model_generated,black,specifcity,zero_count
LKNH,model_generated,black,specifcity,zero_count
SHTH,model_generated,black,specifcity,zero_count
KNMH,model_generated,black,specifcity,zero_count
ENRH,model_generated,black,specifcity,zero_count
SNYH,model_generated,black,specifcity,zero_count
SHMK,model_generated,black,specifcity,zero_count
SKWH,model_generated,black,specifcity,zero_count
KNLH,model_generated,black,specifcity,zero_count
HKFH,model_generated,black,specifcity,zero_count
SNTK,model_generated,black,specifcity,zero_count
SRLH,model_generated,black,specifcity,zero_count
RQFN,model_generated,black,specifcity,zero_count
SYKK,model_generated,black,specifcity,zero_count
LTKK,model_generated,black,specifcity,zero_count
GNKH,model_generated,black,specifcity,zero_count
RKFQ,model_generated,black,specifcity,zero_count
HQKH,model_generated,black,specifcity,zero_count
STMH,model_generated,black,specifcity,zero_count
STMR,model_generated,black,specifcity,zero_count
KEKH,model_generated,black,specifcity,zero_count
KNWP,model_generated,black,specifcity,zero_count
KRLH,model_generated,black,specifcity,zero_count
NPFK,model_generated,black,specifcity,zero_count
YSKH,model_generated,black,specifcity,zero_count
NNWH,model_generated,black,specifcity,zero_count
SRTN,model_generated,black,specifcity,zero_count
HPFK,model_generated,black,specifcity,zero_count
SAFH,model_generated,black,specifcity,zero_count
KSFH,model_generated,black,specifcity,zero_count
NTKK,model_generated,black,specifcity,zero_count
REVH,model_generated,black,specifcity,zero_count
HNWH,model_generated,black,specifcity,zero_count
RRYN,model_generated,black,specifcity,zero_count
TMKH,model_generated,black,specifcity,zero_count
KNSH,model_generated,black,specifcity,zero_count
KSTH,model_generated,black,specifcity,zero_count
ANRH,model_generated,black,specifcity,zero_count
RNPP,model_generated,black,specifcity,zero_count
TNWH,model_generated,black,specifcity,zero_count
FNWH,model_generated,black,specifcity,zero_count
MRKN,model_generated,black,specifcity,zero_count
SAKK,model_generated,black,specifcity,zero_count
KNYH,model_generated,black,specifcity,zero_count
SKTN,model_generated,black,specifcity,zero_count
NKKN,model_generated,black,specifcity,zero_count
KPIR,model_generated,black,specifcity,zero_count
MPKN,model_generated,black,specifcity,zero_count
KIFH,model_generated,black,specifcity,zero_count
STTR,model_generated,black,specifcity,zero_count
RYEH,model_generated,black,specifcity,zero_count
KDKH,model_generated,black,specifcity,zero_count
STKN,model_generated,black,specifcity,zero_count
FYKH,model_generated,black,specifcity,zero_count
RNYH,model_generated,black,affinity,zero_count
RKWH,model_generated,black,affinity,zero_count
SPKK,model_generated,black,affinity,zero_count
RYFH,model_generated,black,affinity,zero_count
RKAH,model_generated,black,affinity,zero_count
RHWH,model_generated,black,affinity,zero_count
RPAK,model_generated,black,affinity,zero_count
RTWH,model_generated,black,affinity,zero_count
NPKK,model_generated,black,affinity,zero_count
KTKH,model_generated,black,affinity,zero_count
MPKK,model_generated,black,affinity,zero_count
HPKK,model_generated,black,affinity,zero_count
RKYK,model_generated,black,affinity,zero_count
RQWH,model_generated,black,affinity,zero_count
RNTK,model_generated,black,affinity,zero_count
RKFN,model_generated,black,affinity,zero_count
RIFH,model_generated,black,affinity,zero_count
RNDH,model_generated,black,affinity,zero_count
RHYH,model_generated,black,affinity,zero_count
LKKK,model_generated,black,affinity,zero_count
RNKD,model_generated,black,affinity,zero_count
KPKN,model_generated,black,affinity,zero_count
RTYH,model_generated,black,affinity,zero_count
QPKK,model_generated,black,affinity,zero_count
LHKH,model_generated,black,affinity,zero_count
LNKH,model_generated,black,affinity,zero_count
SPTH,model_generated,black,affinity,zero_count
QRKH,model_generated,black,affinity,zero_count
MRKH,model_generated,black,affinity,zero_count
RQNH,model_generated,black,affinity,zero_count
LTKH,model_generated,black,affinity,zero_count
RITK,model_generated,black,affinity,zero_count
KSKH,model_generated,black,affinity,zero_count
KMKH,model_generated,black,affinity,zero_count
KPFH,model_generated,black,affinity,zero_count
SPFH,model_generated,black,affinity,zero_count
NRKH,model_generated,black,affinity,